spec_name,pattern,score_mod,mask_mod,rownorm,batch,heads,sq,sk,dim,value_dim,dtype,device,threads,tile_q,tile_k,median_latency_ms,calls_per_second,tokens_per_second,score_tile_elements,score_tile_bytes,score_tile_kib,q_tiles,kv_tile_interactions,is_best
causal_softmax,parallel,"[{""name"":""scale"",""value"":null}]","{""name"":""causal"",""value"":null}","{""name"":""softmax"",""value"":null}",1,4,128,128,64,64,float32,cpu,1,16,16,1.3940619974164292,717.3282119828732,91818.01113380777,1024,4096,4.0,8,36,False
causal_softmax,parallel,"[{""name"":""scale"",""value"":null}]","{""name"":""causal"",""value"":null}","{""name"":""softmax"",""value"":null}",1,4,128,128,64,64,float32,cpu,1,16,32,0.8593885140726343,1163.618065199649,148943.11234555507,2048,8192,8.0,8,20,False
causal_softmax,parallel,"[{""name"":""scale"",""value"":null}]","{""name"":""causal"",""value"":null}","{""name"":""softmax"",""value"":null}",1,4,128,128,64,64,float32,cpu,1,16,64,1.20674999197945,828.6720585427021,106070.02349346587,4096,16384,16.0,8,12,False
causal_softmax,parallel,"[{""name"":""scale"",""value"":null}]","{""name"":""causal"",""value"":null}","{""name"":""softmax"",""value"":null}",1,4,128,128,64,64,float32,cpu,1,16,128,1.0902075009653345,917.2565764907512,117408.84179081615,8192,32768,32.0,8,8,False
causal_softmax,parallel,"[{""name"":""scale"",""value"":null}]","{""name"":""causal"",""value"":null}","{""name"":""softmax"",""value"":null}",1,4,128,128,64,64,float32,cpu,1,32,16,0.8908669842639938,1122.5020319123942,143680.26008478645,2048,8192,8.0,4,20,False
causal_softmax,parallel,"[{""name"":""scale"",""value"":null}]","{""name"":""causal"",""value"":null}","{""name"":""softmax"",""value"":null}",1,4,128,128,64,64,float32,cpu,1,32,32,0.5973414954496548,1674.0842677390763,214282.78627060176,4096,16384,16.0,4,10,False
causal_softmax,parallel,"[{""name"":""scale"",""value"":null}]","{""name"":""causal"",""value"":null}","{""name"":""softmax"",""value"":null}",1,4,128,128,64,64,float32,cpu,1,32,64,0.4526484990492463,2209.2197413675817,282780.12689505046,8192,32768,32.0,4,6,False
causal_softmax,parallel,"[{""name"":""scale"",""value"":null}]","{""name"":""causal"",""value"":null}","{""name"":""softmax"",""value"":null}",1,4,128,128,64,64,float32,cpu,1,32,128,0.3744575078599155,2670.5299773935894,341827.83710637945,16384,65536,64.0,4,4,False
causal_softmax,parallel,"[{""name"":""scale"",""value"":null}]","{""name"":""causal"",""value"":null}","{""name"":""softmax"",""value"":null}",1,4,128,128,64,64,float32,cpu,1,64,16,0.6865275063319132,1456.6058763514907,186445.5521729908,4096,16384,16.0,2,12,False
causal_softmax,parallel,"[{""name"":""scale"",""value"":null}]","{""name"":""causal"",""value"":null}","{""name"":""softmax"",""value"":null}",1,4,128,128,64,64,float32,cpu,1,64,32,0.4934114986099303,2026.7059094027247,259418.35640354877,8192,32768,32.0,2,6,False
causal_softmax,parallel,"[{""name"":""scale"",""value"":null}]","{""name"":""causal"",""value"":null}","{""name"":""softmax"",""value"":null}",1,4,128,128,64,64,float32,cpu,1,64,64,0.4099040088476613,2439.595559973274,312268.23167657905,16384,65536,64.0,2,3,False
causal_softmax,parallel,"[{""name"":""scale"",""value"":null}]","{""name"":""causal"",""value"":null}","{""name"":""softmax"",""value"":null}",1,4,128,128,64,64,float32,cpu,1,64,128,0.36545599868986756,2736.3075269934693,350247.3634551641,32768,131072,128.0,2,2,True
causal_softmax,parallel,"[{""name"":""scale"",""value"":null}]","{""name"":""causal"",""value"":null}","{""name"":""softmax"",""value"":null}",1,4,128,128,64,64,float32,cpu,1,128,16,0.8730835106689483,1145.3658072568676,146606.82332887905,8192,32768,32.0,1,8,False
causal_softmax,parallel,"[{""name"":""scale"",""value"":null}]","{""name"":""causal"",""value"":null}","{""name"":""softmax"",""value"":null}",1,4,128,128,64,64,float32,cpu,1,128,32,0.5632200045511127,1775.5051168628177,227264.65495844066,16384,65536,64.0,1,4,False
causal_softmax,parallel,"[{""name"":""scale"",""value"":null}]","{""name"":""causal"",""value"":null}","{""name"":""softmax"",""value"":null}",1,4,128,128,64,64,float32,cpu,1,128,64,0.4779974988196045,2092.0611561137025,267783.8279825539,32768,131072,128.0,1,2,False
causal_softmax,parallel,"[{""name"":""scale"",""value"":null}]","{""name"":""causal"",""value"":null}","{""name"":""softmax"",""value"":null}",1,4,128,128,64,64,float32,cpu,1,128,128,0.38604799192398787,2590.3515130753435,331564.99367364397,65536,262144,256.0,1,1,False
causal_softmax,parallel,"[{""name"":""scale"",""value"":null}]","{""name"":""causal"",""value"":null}","{""name"":""softmax"",""value"":null}",1,4,256,256,64,64,float32,cpu,1,16,16,7.101781506207772,140.80973895435747,36047.29317231551,1024,4096,4.0,16,136,False
causal_softmax,parallel,"[{""name"":""scale"",""value"":null}]","{""name"":""causal"",""value"":null}","{""name"":""softmax"",""value"":null}",1,4,256,256,64,64,float32,cpu,1,16,32,4.439932497916743,225.22864941510014,57658.534250265635,2048,8192,8.0,16,72,False
causal_softmax,parallel,"[{""name"":""scale"",""value"":null}]","{""name"":""causal"",""value"":null}","{""name"":""softmax"",""value"":null}",1,4,256,256,64,64,float32,cpu,1,16,64,2.5460819888394326,392.76032915806644,100546.64426446501,4096,16384,16.0,16,40,False
causal_softmax,parallel,"[{""name"":""scale"",""value"":null}]","{""name"":""causal"",""value"":null}","{""name"":""softmax"",""value"":null}",1,4,256,256,64,64,float32,cpu,1,16,128,1.5561464970232919,642.6130199906445,164508.933117605,8192,32768,32.0,16,24,False
causal_softmax,parallel,"[{""name"":""scale"",""value"":null}]","{""name"":""causal"",""value"":null}","{""name"":""softmax"",""value"":null}",1,4,256,256,64,64,float32,cpu,1,16,256,1.4016694913152605,713.434947536489,182639.34656934117,16384,65536,64.0,16,16,False
causal_softmax,parallel,"[{""name"":""scale"",""value"":null}]","{""name"":""causal"",""value"":null}","{""name"":""softmax"",""value"":null}",1,4,256,256,64,64,float32,cpu,1,32,16,3.264445491367951,306.3307390625029,78420.66920000075,2048,8192,8.0,8,72,False
causal_softmax,parallel,"[{""name"":""scale"",""value"":null}]","{""name"":""causal"",""value"":null}","{""name"":""softmax"",""value"":null}",1,4,256,256,64,64,float32,cpu,1,32,32,1.952669001184404,512.1195652685855,131102.60870875788,4096,16384,16.0,8,36,False
causal_softmax,parallel,"[{""name"":""scale"",""value"":null}]","{""name"":""causal"",""value"":null}","{""name"":""softmax"",""value"":null}",1,4,256,256,64,64,float32,cpu,1,32,64,1.4358080079546198,696.4719478229891,178296.81864268522,8192,32768,32.0,8,20,False
causal_softmax,parallel,"[{""name"":""scale"",""value"":null}]","{""name"":""causal"",""value"":null}","{""name"":""softmax"",""value"":null}",1,4,256,256,64,64,float32,cpu,1,32,128,1.19170849211514,839.1313870937679,214817.63509600458,16384,65536,64.0,8,12,False
causal_softmax,parallel,"[{""name"":""scale"",""value"":null}]","{""name"":""causal"",""value"":null}","{""name"":""softmax"",""value"":null}",1,4,256,256,64,64,float32,cpu,1,32,256,1.065104006556794,938.8754467582387,240352.1143701091,32768,131072,128.0,8,8,False
causal_softmax,parallel,"[{""name"":""scale"",""value"":null}]","{""name"":""causal"",""value"":null}","{""name"":""softmax"",""value"":null}",1,4,256,256,64,64,float32,cpu,1,64,16,2.377117983996868,420.67747866624927,107693.43453855981,4096,16384,16.0,4,40,False
causal_softmax,parallel,"[{""name"":""scale"",""value"":null}]","{""name"":""causal"",""value"":null}","{""name"":""softmax"",""value"":null}",1,4,256,256,64,64,float32,cpu,1,64,32,2.16113799251616,462.719180109237,118456.11010796468,8192,32768,32.0,4,20,False
causal_softmax,parallel,"[{""name"":""scale"",""value"":null}]","{""name"":""causal"",""value"":null}","{""name"":""softmax"",""value"":null}",1,4,256,256,64,64,float32,cpu,1,64,64,1.4280005125328898,700.2798607027586,179271.6443399062,16384,65536,64.0,4,10,False
causal_softmax,parallel,"[{""name"":""scale"",""value"":null}]","{""name"":""causal"",""value"":null}","{""name"":""softmax"",""value"":null}",1,4,256,256,64,64,float32,cpu,1,64,128,1.0390405223006383,962.4263717701838,246381.15117316705,32768,131072,128.0,4,6,False
causal_softmax,parallel,"[{""name"":""scale"",""value"":null}]","{""name"":""causal"",""value"":null}","{""name"":""softmax"",""value"":null}",1,4,256,256,64,64,float32,cpu,1,64,256,0.9648770064814016,1036.4015240104857,265318.79014668433,65536,262144,256.0,4,4,True
causal_softmax,parallel,"[{""name"":""scale"",""value"":null}]","{""name"":""causal"",""value"":null}","{""name"":""softmax"",""value"":null}",1,4,256,256,64,64,float32,cpu,1,128,16,2.281159511767328,438.3735529416136,112223.62955305308,8192,32768,32.0,2,24,False
causal_softmax,parallel,"[{""name"":""scale"",""value"":null}]","{""name"":""causal"",""value"":null}","{""name"":""softmax"",""value"":null}",1,4,256,256,64,64,float32,cpu,1,128,32,1.6253155044978485,615.2651575848693,157507.88034172653,16384,65536,64.0,2,12,False
causal_softmax,parallel,"[{""name"":""scale"",""value"":null}]","{""name"":""causal"",""value"":null}","{""name"":""softmax"",""value"":null}",1,4,256,256,64,64,float32,cpu,1,128,64,1.340456001344137,746.0147882491137,190979.78579177312,32768,131072,128.0,2,6,False
causal_softmax,parallel,"[{""name"":""scale"",""value"":null}]","{""name"":""causal"",""value"":null}","{""name"":""softmax"",""value"":null}",1,4,256,256,64,64,float32,cpu,1,128,128,1.16968501242809,854.931019355502,218862.34095500852,65536,262144,256.0,2,3,False
causal_softmax,parallel,"[{""name"":""scale"",""value"":null}]","{""name"":""causal"",""value"":null}","{""name"":""softmax"",""value"":null}",1,4,256,256,64,64,float32,cpu,1,128,256,1.470037008402869,680.2549828908432,174145.27562005585,131072,524288,512.0,2,2,False
causal_softmax,parallel,"[{""name"":""scale"",""value"":null}]","{""name"":""causal"",""value"":null}","{""name"":""softmax"",""value"":null}",1,4,256,256,64,64,float32,cpu,1,256,16,2.5340469874208793,394.6256738584738,101024.1725077693,16384,65536,64.0,1,16,False
causal_softmax,parallel,"[{""name"":""scale"",""value"":null}]","{""name"":""causal"",""value"":null}","{""name"":""softmax"",""value"":null}",1,4,256,256,64,64,float32,cpu,1,256,32,1.976793006178923,505.86985935010347,129502.68399362649,32768,131072,128.0,1,8,False
causal_softmax,parallel,"[{""name"":""scale"",""value"":null}]","{""name"":""causal"",""value"":null}","{""name"":""softmax"",""value"":null}",1,4,256,256,64,64,float32,cpu,1,256,64,1.69061501219403,591.5007218007781,151424.1847809992,65536,262144,256.0,1,4,False
causal_softmax,parallel,"[{""name"":""scale"",""value"":null}]","{""name"":""causal"",""value"":null}","{""name"":""softmax"",""value"":null}",1,4,256,256,64,64,float32,cpu,1,256,128,1.8435474921716377,542.4324592918587,138862.70957871582,131072,524288,512.0,1,2,False
causal_softmax,parallel,"[{""name"":""scale"",""value"":null}]","{""name"":""causal"",""value"":null}","{""name"":""softmax"",""value"":null}",1,4,256,256,64,64,float32,cpu,1,256,256,2.221842485596426,450.0769098091859,115219.68891115159,262144,1048576,1024.0,1,1,False
causal_softmax,parallel,"[{""name"":""scale"",""value"":null}]","{""name"":""causal"",""value"":null}","{""name"":""softmax"",""value"":null}",1,4,512,512,64,64,float32,cpu,1,16,16,21.186909012612887,47.198956648404206,24165.865803982953,1024,4096,4.0,32,528,False
causal_softmax,parallel,"[{""name"":""scale"",""value"":null}]","{""name"":""causal"",""value"":null}","{""name"":""softmax"",""value"":null}",1,4,512,512,64,64,float32,cpu,1,16,32,12.487700485507958,80.07879442340128,41000.342744781454,2048,8192,8.0,32,272,False
causal_softmax,parallel,"[{""name"":""scale"",""value"":null}]","{""name"":""causal"",""value"":null}","{""name"":""softmax"",""value"":null}",1,4,512,512,64,64,float32,cpu,1,16,64,7.877584503148682,126.94246562512893,64994.54240006601,4096,16384,16.0,32,144,False
causal_softmax,parallel,"[{""name"":""scale"",""value"":null}]","{""name"":""causal"",""value"":null}","{""name"":""softmax"",""value"":null}",1,4,512,512,64,64,float32,cpu,1,16,128,5.738670006394386,174.25640416433376,89219.27893213888,8192,32768,32.0,32,80,False
causal_softmax,parallel,"[{""name"":""scale"",""value"":null}]","{""name"":""causal"",""value"":null}","{""name"":""softmax"",""value"":null}",1,4,512,512,64,64,float32,cpu,1,16,256,4.397648488520645,227.39425459091137,116425.85835054662,16384,65536,64.0,32,48,False
causal_softmax,parallel,"[{""name"":""scale"",""value"":null}]","{""name"":""causal"",""value"":null}","{""name"":""softmax"",""value"":null}",1,4,512,512,64,64,float32,cpu,1,16,512,4.000865999842063,249.9458867253929,127972.29400340117,32768,131072,128.0,32,32,False
causal_softmax,parallel,"[{""name"":""scale"",""value"":null}]","{""name"":""causal"",""value"":null}","{""name"":""softmax"",""value"":null}",1,4,512,512,64,64,float32,cpu,1,32,16,12.179348996141925,82.10619470028914,42038.37168654804,2048,8192,8.0,16,272,False
causal_softmax,parallel,"[{""name"":""scale"",""value"":null}]","{""name"":""causal"",""value"":null}","{""name"":""softmax"",""value"":null}",1,4,512,512,64,64,float32,cpu,1,32,32,7.838551508029923,127.57459065945869,65318.19041764285,4096,16384,16.0,16,136,False
causal_softmax,parallel,"[{""name"":""scale"",""value"":null}]","{""name"":""causal"",""value"":null}","{""name"":""softmax"",""value"":null}",1,4,512,512,64,64,float32,cpu,1,32,64,5.238927493337542,190.8787631193067,97729.92671708504,8192,32768,32.0,16,72,False
causal_softmax,parallel,"[{""name"":""scale"",""value"":null}]","{""name"":""causal"",""value"":null}","{""name"":""softmax"",""value"":null}",1,4,512,512,64,64,float32,cpu,1,32,128,4.060310500790365,246.28658320720638,126098.73060208966,16384,65536,64.0,16,40,False
causal_softmax,parallel,"[{""name"":""scale"",""value"":null}]","{""name"":""causal"",""value"":null}","{""name"":""softmax"",""value"":null}",1,4,512,512,64,64,float32,cpu,1,32,256,3.5879460046999156,278.71099472792565,142700.02930069793,32768,131072,128.0,16,24,False
causal_softmax,parallel,"[{""name"":""scale"",""value"":null}]","{""name"":""causal"",""value"":null}","{""name"":""softmax"",""value"":null}",1,4,512,512,64,64,float32,cpu,1,32,512,3.3790879970183596,295.9378391099552,151520.17362429705,65536,262144,256.0,16,16,False
causal_softmax,parallel,"[{""name"":""scale"",""value"":null}]","{""name"":""causal"",""value"":null}","{""name"":""softmax"",""value"":null}",1,4,512,512,64,64,float32,cpu,1,64,16,8.38132799253799,119.31283454010075,61088.171284531585,4096,16384,16.0,8,144,False
causal_softmax,parallel,"[{""name"":""scale"",""value"":null}]","{""name"":""causal"",""value"":null}","{""name"":""softmax"",""value"":null}",1,4,512,512,64,64,float32,cpu,1,64,32,5.674555490259081,176.22525706490947,90227.33161723365,8192,32768,32.0,8,72,False
causal_softmax,parallel,"[{""name"":""scale"",""value"":null}]","{""name"":""causal"",""value"":null}","{""name"":""softmax"",""value"":null}",1,4,512,512,64,64,float32,cpu,1,64,64,4.23743600549642,235.9917645252672,120827.7834369368,16384,65536,64.0,8,36,False
causal_softmax,parallel,"[{""name"":""scale"",""value"":null}]","{""name"":""causal"",""value"":null}","{""name"":""softmax"",""value"":null}",1,4,512,512,64,64,float32,cpu,1,64,128,3.3481319987913594,298.67400698687794,152921.0915772815,32768,131072,128.0,8,20,False
causal_softmax,parallel,"[{""name"":""scale"",""value"":null}]","{""name"":""causal"",""value"":null}","{""name"":""softmax"",""value"":null}",1,4,512,512,64,64,float32,cpu,1,64,256,3.0339784862007946,329.60022773669004,168755.3166011853,65536,262144,256.0,8,12,True
causal_softmax,parallel,"[{""name"":""scale"",""value"":null}]","{""name"":""causal"",""value"":null}","{""name"":""softmax"",""value"":null}",1,4,512,512,64,64,float32,cpu,1,64,512,3.0718830093974248,325.53323057578234,166673.01405480056,131072,524288,512.0,8,8,False
causal_softmax,parallel,"[{""name"":""scale"",""value"":null}]","{""name"":""causal"",""value"":null}","{""name"":""softmax"",""value"":null}",1,4,512,512,64,64,float32,cpu,1,128,16,7.732938509434462,129.3169470803323,66210.27690513014,8192,32768,32.0,4,80,False
causal_softmax,parallel,"[{""name"":""scale"",""value"":null}]","{""name"":""causal"",""value"":null}","{""name"":""softmax"",""value"":null}",1,4,512,512,64,64,float32,cpu,1,128,32,5.506277491804212,181.6108980138477,92984.77978309002,16384,65536,64.0,4,40,False
causal_softmax,parallel,"[{""name"":""scale"",""value"":null}]","{""name"":""causal"",""value"":null}","{""name"":""softmax"",""value"":null}",1,4,512,512,64,64,float32,cpu,1,128,64,4.205020988592878,237.81094142282248,121759.20200848511,32768,131072,128.0,4,20,False
causal_softmax,parallel,"[{""name"":""scale"",""value"":null}]","{""name"":""causal"",""value"":null}","{""name"":""softmax"",""value"":null}",1,4,512,512,64,64,float32,cpu,1,128,128,3.757134996703826,266.1602526598886,136274.04936186297,65536,262144,256.0,4,10,False
causal_softmax,parallel,"[{""name"":""scale"",""value"":null}]","{""name"":""causal"",""value"":null}","{""name"":""softmax"",""value"":null}",1,4,512,512,64,64,float32,cpu,1,128,256,3.488061993266456,286.6921522411168,146786.3819474518,131072,524288,512.0,4,6,False
causal_softmax,parallel,"[{""name"":""scale"",""value"":null}]","{""name"":""causal"",""value"":null}","{""name"":""softmax"",""value"":null}",1,4,512,512,64,64,float32,cpu,1,128,512,3.8397570024244487,260.43314703732375,133341.77128310976,262144,1048576,1024.0,4,4,False
causal_softmax,parallel,"[{""name"":""scale"",""value"":null}]","{""name"":""causal"",""value"":null}","{""name"":""softmax"",""value"":null}",1,4,512,512,64,64,float32,cpu,1,256,16,7.490084506571293,133.50984212830545,68357.03916969239,16384,65536,64.0,2,48,False
causal_softmax,parallel,"[{""name"":""scale"",""value"":null}]","{""name"":""causal"",""value"":null}","{""name"":""softmax"",""value"":null}",1,4,512,512,64,64,float32,cpu,1,256,32,5.871677509276196,170.30908090919155,87198.24942550607,32768,131072,128.0,2,24,False
causal_softmax,parallel,"[{""name"":""scale"",""value"":null}]","{""name"":""causal"",""value"":null}","{""name"":""softmax"",""value"":null}",1,4,512,512,64,64,float32,cpu,1,256,64,5.2492399991024286,190.50376819710868,97537.92931691965,65536,262144,256.0,2,12,False
causal_softmax,parallel,"[{""name"":""scale"",""value"":null}]","{""name"":""causal"",""value"":null}","{""name"":""softmax"",""value"":null}",1,4,512,512,64,64,float32,cpu,1,256,128,4.034625497297384,247.85447885308204,126901.493172778,131072,524288,512.0,2,6,False
causal_softmax,parallel,"[{""name"":""scale"",""value"":null}]","{""name"":""causal"",""value"":null}","{""name"":""softmax"",""value"":null}",1,4,512,512,64,64,float32,cpu,1,256,256,3.945295000448823,253.4664707927388,129774.83304588226,262144,1048576,1024.0,2,3,False
causal_softmax,parallel,"[{""name"":""scale"",""value"":null}]","{""name"":""causal"",""value"":null}","{""name"":""softmax"",""value"":null}",1,4,512,512,64,64,float32,cpu,1,256,512,5.883129007997923,169.97757462746992,87028.5182092646,524288,2097152,2048.0,2,2,False
causal_softmax,parallel,"[{""name"":""scale"",""value"":null}]","{""name"":""causal"",""value"":null}","{""name"":""softmax"",""value"":null}",1,4,512,512,64,64,float32,cpu,1,512,16,9.581812992109917,104.36438290159113,53434.56404561466,32768,131072,128.0,1,32,False
causal_softmax,parallel,"[{""name"":""scale"",""value"":null}]","{""name"":""causal"",""value"":null}","{""name"":""softmax"",""value"":null}",1,4,512,512,64,64,float32,cpu,1,512,32,7.718082502833568,129.56586038473498,66337.72051698431,65536,262144,256.0,1,16,False
causal_softmax,parallel,"[{""name"":""scale"",""value"":null}]","{""name"":""causal"",""value"":null}","{""name"":""softmax"",""value"":null}",1,4,512,512,64,64,float32,cpu,1,512,64,7.028072475804947,142.2865235728046,72850.70006927596,131072,524288,512.0,1,8,False
causal_softmax,parallel,"[{""name"":""scale"",""value"":null}]","{""name"":""causal"",""value"":null}","{""name"":""softmax"",""value"":null}",1,4,512,512,64,64,float32,cpu,1,512,128,6.225258010090329,160.6359123395578,82245.58711785359,262144,1048576,1024.0,1,4,False
causal_softmax,parallel,"[{""name"":""scale"",""value"":null}]","{""name"":""causal"",""value"":null}","{""name"":""softmax"",""value"":null}",1,4,512,512,64,64,float32,cpu,1,512,256,9.499638006673194,105.2671690539715,53896.79055563341,524288,2097152,2048.0,1,2,False
causal_softmax,parallel,"[{""name"":""scale"",""value"":null}]","{""name"":""causal"",""value"":null}","{""name"":""softmax"",""value"":null}",1,4,512,512,64,64,float32,cpu,1,512,512,10.383750995970331,96.3043124192861,49307.807958674486,1048576,4194304,4096.0,1,1,False
causal_softmax,parallel,"[{""name"":""scale"",""value"":null}]","{""name"":""causal"",""value"":null}","{""name"":""softmax"",""value"":null}",1,4,1024,1024,64,64,float32,cpu,1,16,16,80.4837489995407,12.424868528498925,12723.065373182899,1024,4096,4.0,64,2080,False
causal_softmax,parallel,"[{""name"":""scale"",""value"":null}]","{""name"":""causal"",""value"":null}","{""name"":""softmax"",""value"":null}",1,4,1024,1024,64,64,float32,cpu,1,16,32,45.82984700391535,21.81984155248364,22343.51774974325,2048,8192,8.0,64,1056,False
causal_softmax,parallel,"[{""name"":""scale"",""value"":null}]","{""name"":""causal"",""value"":null}","{""name"":""softmax"",""value"":null}",1,4,1024,1024,64,64,float32,cpu,1,16,64,28.663076504017226,34.888090252972205,35725.40441904354,4096,16384,16.0,64,544,False
causal_softmax,parallel,"[{""name"":""scale"",""value"":null}]","{""name"":""causal"",""value"":null}","{""name"":""softmax"",""value"":null}",1,4,1024,1024,64,64,float32,cpu,1,16,128,20.962930997484364,47.70325295255726,48848.13102341863,8192,32768,32.0,64,288,False
causal_softmax,parallel,"[{""name"":""scale"",""value"":null}]","{""name"":""causal"",""value"":null}","{""name"":""softmax"",""value"":null}",1,4,1024,1024,64,64,float32,cpu,1,16,256,16.281497999443673,61.41940993600032,62893.47577446433,16384,65536,64.0,64,160,False
causal_softmax,parallel,"[{""name"":""scale"",""value"":null}]","{""name"":""causal"",""value"":null}","{""name"":""softmax"",""value"":null}",1,4,1024,1024,64,64,float32,cpu,1,16,512,14.24173399573192,70.21616892294774,71901.35697709849,32768,131072,128.0,64,96,False
causal_softmax,parallel,"[{""name"":""scale"",""value"":null}]","{""name"":""causal"",""value"":null}","{""name"":""softmax"",""value"":null}",1,4,1024,1024,64,64,float32,cpu,1,16,1024,13.029571491642855,76.7484948097793,78590.458685214,65536,262144,256.0,64,64,False
causal_softmax,parallel,"[{""name"":""scale"",""value"":null}]","{""name"":""causal"",""value"":null}","{""name"":""softmax"",""value"":null}",1,4,1024,1024,64,64,float32,cpu,1,32,16,47.22087300615385,21.17707565189825,21685.325467543807,2048,8192,8.0,32,1056,False
causal_softmax,parallel,"[{""name"":""scale"",""value"":null}]","{""name"":""causal"",""value"":null}","{""name"":""softmax"",""value"":null}",1,4,1024,1024,64,64,float32,cpu,1,32,32,28.76846250728704,34.760286537617375,35594.53341452019,4096,16384,16.0,32,528,False
causal_softmax,parallel,"[{""name"":""scale"",""value"":null}]","{""name"":""causal"",""value"":null}","{""name"":""softmax"",""value"":null}",1,4,1024,1024,64,64,float32,cpu,1,32,64,20.07614499598276,49.81035951872734,51005.808147176795,8192,32768,32.0,32,272,False
causal_softmax,parallel,"[{""name"":""scale"",""value"":null}]","{""name"":""causal"",""value"":null}","{""name"":""softmax"",""value"":null}",1,4,1024,1024,64,64,float32,cpu,1,32,128,15.32563249929808,65.25016178260834,66816.16566539094,16384,65536,64.0,32,144,False
causal_softmax,parallel,"[{""name"":""scale"",""value"":null}]","{""name"":""causal"",""value"":null}","{""name"":""softmax"",""value"":null}",1,4,1024,1024,64,64,float32,cpu,1,32,256,12.87821150617674,77.65053396742032,79514.1467826384,32768,131072,128.0,32,80,False
causal_softmax,parallel,"[{""name"":""scale"",""value"":null}]","{""name"":""causal"",""value"":null}","{""name"":""softmax"",""value"":null}",1,4,1024,1024,64,64,float32,cpu,1,32,512,11.315438998281024,88.37483019014235,90495.82611470576,65536,262144,256.0,32,48,False
causal_softmax,parallel,"[{""name"":""scale"",""value"":null}]","{""name"":""causal"",""value"":null}","{""name"":""softmax"",""value"":null}",1,4,1024,1024,64,64,float32,cpu,1,32,1024,10.88194499607198,91.89533675836138,94100.82484056205,131072,524288,512.0,32,32,False
causal_softmax,parallel,"[{""name"":""scale"",""value"":null}]","{""name"":""causal"",""value"":null}","{""name"":""softmax"",""value"":null}",1,4,1024,1024,64,64,float32,cpu,1,64,16,31.105180009035394,32.14898610808622,32920.56177468029,4096,16384,16.0,16,544,False
causal_softmax,parallel,"[{""name"":""scale"",""value"":null}]","{""name"":""causal"",""value"":null}","{""name"":""softmax"",""value"":null}",1,4,1024,1024,64,64,float32,cpu,1,64,32,21.576055500190705,46.34767462436131,47460.01881534598,8192,32768,32.0,16,272,False
causal_softmax,parallel,"[{""name"":""scale"",""value"":null}]","{""name"":""causal"",""value"":null}","{""name"":""softmax"",""value"":null}",1,4,1024,1024,64,64,float32,cpu,1,64,64,15.918410499580204,62.820342522664035,64328.03074320797,16384,65536,64.0,16,136,False
causal_softmax,parallel,"[{""name"":""scale"",""value"":null}]","{""name"":""causal"",""value"":null}","{""name"":""softmax"",""value"":null}",1,4,1024,1024,64,64,float32,cpu,1,64,128,12.643953989027068,79.0891837211556,80987.32413046334,32768,131072,128.0,16,72,False
causal_softmax,parallel,"[{""name"":""scale"",""value"":null}]","{""name"":""causal"",""value"":null}","{""name"":""softmax"",""value"":null}",1,4,1024,1024,64,64,float32,cpu,1,64,256,11.149670506711118,89.68874904402675,91841.27902108339,65536,262144,256.0,16,40,False
causal_softmax,parallel,"[{""name"":""scale"",""value"":null}]","{""name"":""causal"",""value"":null}","{""name"":""softmax"",""value"":null}",1,4,1024,1024,64,64,float32,cpu,1,64,512,10.827422011061572,92.35808847003233,94574.6825933131,131072,524288,512.0,16,24,False
causal_softmax,parallel,"[{""name"":""scale"",""value"":null}]","{""name"":""causal"",""value"":null}","{""name"":""softmax"",""value"":null}",1,4,1024,1024,64,64,float32,cpu,1,64,1024,10.41351250023581,96.02907760252415,98333.77546498473,262144,1048576,1024.0,16,16,True
causal_softmax,parallel,"[{""name"":""scale"",""value"":null}]","{""name"":""causal"",""value"":null}","{""name"":""softmax"",""value"":null}",1,4,1024,1024,64,64,float32,cpu,1,128,16,25.698751996969804,38.91239543919923,39846.29292974001,8192,32768,32.0,8,288,False
causal_softmax,parallel,"[{""name"":""scale"",""value"":null}]","{""name"":""causal"",""value"":null}","{""name"":""softmax"",""value"":null}",1,4,1024,1024,64,64,float32,cpu,1,128,32,18.089513498125598,55.280646442128926,56607.38195674002,16384,65536,64.0,8,144,False
causal_softmax,parallel,"[{""name"":""scale"",""value"":null}]","{""name"":""causal"",""value"":null}","{""name"":""softmax"",""value"":null}",1,4,1024,1024,64,64,float32,cpu,1,128,64,14.577896508853883,68.59700227619604,70243.33033082474,32768,131072,128.0,8,72,False
causal_softmax,parallel,"[{""name"":""scale"",""value"":null}]","{""name"":""causal"",""value"":null}","{""name"":""softmax"",""value"":null}",1,4,1024,1024,64,64,float32,cpu,1,128,128,12.421225997968577,80.50735089785377,82439.52731940226,65536,262144,256.0,8,36,False
causal_softmax,parallel,"[{""name"":""scale"",""value"":null}]","{""name"":""causal"",""value"":null}","{""name"":""softmax"",""value"":null}",1,4,1024,1024,64,64,float32,cpu,1,128,256,10.994868018315174,90.95152377765764,93134.36034832142,131072,524288,512.0,8,20,False
causal_softmax,parallel,"[{""name"":""scale"",""value"":null}]","{""name"":""causal"",""value"":null}","{""name"":""softmax"",""value"":null}",1,4,1024,1024,64,64,float32,cpu,1,128,512,10.876187501708046,91.94398311383979,94150.63870857195,262144,1048576,1024.0,8,12,False
causal_softmax,parallel,"[{""name"":""scale"",""value"":null}]","{""name"":""causal"",""value"":null}","{""name"":""softmax"",""value"":null}",1,4,1024,1024,64,64,float32,cpu,1,128,1024,10.896397012402304,91.77345491925429,93976.0178373164,524288,2097152,2048.0,8,8,False
causal_softmax,parallel,"[{""name"":""scale"",""value"":null}]","{""name"":""causal"",""value"":null}","{""name"":""softmax"",""value"":null}",1,4,1024,1024,64,64,float32,cpu,1,256,16,24.829279995174147,40.275030133550445,41241.630856755655,16384,65536,64.0,4,160,False
causal_softmax,parallel,"[{""name"":""scale"",""value"":null}]","{""name"":""causal"",""value"":null}","{""name"":""softmax"",""value"":null}",1,4,1024,1024,64,64,float32,cpu,1,256,32,19.247176009230316,51.95567388797363,53202.610061285,32768,131072,128.0,4,80,False
causal_softmax,parallel,"[{""name"":""scale"",""value"":null}]","{""name"":""causal"",""value"":null}","{""name"":""softmax"",""value"":null}",1,4,1024,1024,64,64,float32,cpu,1,256,64,15.12499050295446,66.1157439936682,67702.52184951624,65536,262144,256.0,4,40,False
causal_softmax,parallel,"[{""name"":""scale"",""value"":null}]","{""name"":""causal"",""value"":null}","{""name"":""softmax"",""value"":null}",1,4,1024,1024,64,64,float32,cpu,1,256,128,13.098453506245278,76.34489060278796,78177.16797725487,131072,524288,512.0,4,20,False
causal_softmax,parallel,"[{""name"":""scale"",""value"":null}]","{""name"":""causal"",""value"":null}","{""name"":""softmax"",""value"":null}",1,4,1024,1024,64,64,float32,cpu,1,256,256,12.785339014953934,78.21458616235239,80091.73623024885,262144,1048576,1024.0,4,10,False
causal_softmax,parallel,"[{""name"":""scale"",""value"":null}]","{""name"":""causal"",""value"":null}","{""name"":""softmax"",""value"":null}",1,4,1024,1024,64,64,float32,cpu,1,256,512,12.263477488886565,81.54293926059897,83499.96980285335,524288,2097152,2048.0,4,6,False
causal_softmax,parallel,"[{""name"":""scale"",""value"":null}]","{""name"":""causal"",""value"":null}","{""name"":""softmax"",""value"":null}",1,4,1024,1024,64,64,float32,cpu,1,256,1024,12.91057800699491,77.45586599284735,79314.80677667569,1048576,4194304,4096.0,4,4,False
causal_softmax,parallel,"[{""name"":""scale"",""value"":null}]","{""name"":""causal"",""value"":null}","{""name"":""softmax"",""value"":null}",1,4,1024,1024,64,64,float32,cpu,1,512,16,27.375759498681873,36.52866690504603,37405.354910767135,32768,131072,128.0,2,96,False
causal_softmax,parallel,"[{""name"":""scale"",""value"":null}]","{""name"":""causal"",""value"":null}","{""name"":""softmax"",""value"":null}",1,4,1024,1024,64,64,float32,cpu,1,512,32,23.867113486630842,41.8986569347881,42904.224701223015,65536,262144,256.0,2,48,False
causal_softmax,parallel,"[{""name"":""scale"",""value"":null}]","{""name"":""causal"",""value"":null}","{""name"":""softmax"",""value"":null}",1,4,1024,1024,64,64,float32,cpu,1,512,64,19.17817750654649,52.14259799496845,53394.02034684769,131072,524288,512.0,2,24,False
causal_softmax,parallel,"[{""name"":""scale"",""value"":null}]","{""name"":""causal"",""value"":null}","{""name"":""softmax"",""value"":null}",1,4,1024,1024,64,64,float32,cpu,1,512,128,17.374014991219155,57.55721981967904,58938.59309535134,262144,1048576,1024.0,2,12,False
causal_softmax,parallel,"[{""name"":""scale"",""value"":null}]","{""name"":""causal"",""value"":null}","{""name"":""softmax"",""value"":null}",1,4,1024,1024,64,64,float32,cpu,1,512,256,16.275492002023384,61.44207498462591,62916.68478425693,524288,2097152,2048.0,2,6,False
causal_softmax,parallel,"[{""name"":""scale"",""value"":null}]","{""name"":""causal"",""value"":null}","{""name"":""softmax"",""value"":null}",1,4,1024,1024,64,64,float32,cpu,1,512,512,18.01668699772563,55.50410017814246,56836.19858241788,1048576,4194304,4096.0,2,3,False
causal_softmax,parallel,"[{""name"":""scale"",""value"":null}]","{""name"":""causal"",""value"":null}","{""name"":""softmax"",""value"":null}",1,4,1024,1024,64,64,float32,cpu,1,512,1024,28.890336499898694,34.613650138810485,35444.377742141936,2097152,8388608,8192.0,2,2,False
causal_softmax,parallel,"[{""name"":""scale"",""value"":null}]","{""name"":""causal"",""value"":null}","{""name"":""softmax"",""value"":null}",1,4,1024,1024,64,64,float32,cpu,1,1024,16,43.576233510975726,22.94828899675613,23499.047932678277,65536,262144,256.0,1,64,False
causal_softmax,parallel,"[{""name"":""scale"",""value"":null}]","{""name"":""causal"",""value"":null}","{""name"":""softmax"",""value"":null}",1,4,1024,1024,64,64,float32,cpu,1,1024,32,32.976764981867746,30.324381440988812,31052.166595572544,131072,524288,512.0,1,32,False
causal_softmax,parallel,"[{""name"":""scale"",""value"":null}]","{""name"":""causal"",""value"":null}","{""name"":""softmax"",""value"":null}",1,4,1024,1024,64,64,float32,cpu,1,1024,64,31.66527400026098,31.580336238106078,32338.264307820624,262144,1048576,1024.0,1,16,False
causal_softmax,parallel,"[{""name"":""scale"",""value"":null}]","{""name"":""causal"",""value"":null}","{""name"":""softmax"",""value"":null}",1,4,1024,1024,64,64,float32,cpu,1,1024,128,25.058496990823187,39.906623304909935,40864.382264227774,524288,2097152,2048.0,1,8,False
causal_softmax,parallel,"[{""name"":""scale"",""value"":null}]","{""name"":""causal"",""value"":null}","{""name"":""softmax"",""value"":null}",1,4,1024,1024,64,64,float32,cpu,1,1024,256,24.5177424949361,40.78678941205701,41765.67235794638,1048576,4194304,4096.0,1,4,False
causal_softmax,parallel,"[{""name"":""scale"",""value"":null}]","{""name"":""causal"",""value"":null}","{""name"":""softmax"",""value"":null}",1,4,1024,1024,64,64,float32,cpu,1,1024,512,35.9907095116796,27.784948214913157,28451.786972071073,2097152,8388608,8192.0,1,2,False
causal_softmax,parallel,"[{""name"":""scale"",""value"":null}]","{""name"":""causal"",""value"":null}","{""name"":""softmax"",""value"":null}",1,4,1024,1024,64,64,float32,cpu,1,1024,1024,42.42330200213473,23.571951093049762,24137.677919282956,4194304,16777216,16384.0,1,1,False
causal_softmax,parallel,"[{""name"":""scale"",""value"":null}]","{""name"":""causal"",""value"":null}","{""name"":""softmax"",""value"":null}",1,4,128,128,64,64,float32,cpu,8,16,16,3.4743825090117753,287.82092858406423,36841.07885876022,1024,4096,4.0,8,36,False
causal_softmax,parallel,"[{""name"":""scale"",""value"":null}]","{""name"":""causal"",""value"":null}","{""name"":""softmax"",""value"":null}",1,4,128,128,64,64,float32,cpu,8,16,32,1.7512129998067394,571.0327642099265,73092.1938188706,2048,8192,8.0,8,20,False
causal_softmax,parallel,"[{""name"":""scale"",""value"":null}]","{""name"":""causal"",""value"":null}","{""name"":""softmax"",""value"":null}",1,4,128,128,64,64,float32,cpu,8,16,64,1.0591470054350793,944.1559999399868,120851.96799231831,4096,16384,16.0,8,12,False
causal_softmax,parallel,"[{""name"":""scale"",""value"":null}]","{""name"":""causal"",""value"":null}","{""name"":""softmax"",""value"":null}",1,4,128,128,64,64,float32,cpu,8,16,128,0.7408024976029992,1349.8874575014006,172785.59456017928,8192,32768,32.0,8,8,False
causal_softmax,parallel,"[{""name"":""scale"",""value"":null}]","{""name"":""causal"",""value"":null}","{""name"":""softmax"",""value"":null}",1,4,128,128,64,64,float32,cpu,8,32,16,1.3197855150792748,757.6988749872237,96985.45599836463,2048,8192,8.0,4,20,False
causal_softmax,parallel,"[{""name"":""scale"",""value"":null}]","{""name"":""causal"",""value"":null}","{""name"":""softmax"",""value"":null}",1,4,128,128,64,64,float32,cpu,8,32,32,0.8098340185824782,1234.8209349742872,158057.07967670876,4096,16384,16.0,4,10,False
causal_softmax,parallel,"[{""name"":""scale"",""value"":null}]","{""name"":""causal"",""value"":null}","{""name"":""softmax"",""value"":null}",1,4,128,128,64,64,float32,cpu,8,32,64,0.5384874966694042,1857.0533321295184,237702.82651257835,8192,32768,32.0,4,6,False
causal_softmax,parallel,"[{""name"":""scale"",""value"":null}]","{""name"":""causal"",""value"":null}","{""name"":""softmax"",""value"":null}",1,4,128,128,64,64,float32,cpu,8,32,128,0.431496519013308,2317.515798937786,296642.0222640366,16384,65536,64.0,4,4,False
causal_softmax,parallel,"[{""name"":""scale"",""value"":null}]","{""name"":""causal"",""value"":null}","{""name"":""softmax"",""value"":null}",1,4,128,128,64,64,float32,cpu,8,64,16,1.1249234958086163,888.9493407559961,113785.5156167675,4096,16384,16.0,2,12,False
causal_softmax,parallel,"[{""name"":""scale"",""value"":null}]","{""name"":""causal"",""value"":null}","{""name"":""softmax"",""value"":null}",1,4,128,128,64,64,float32,cpu,8,64,32,0.6390009948518127,1564.9427904754743,200312.67718086072,8192,32768,32.0,2,6,False
causal_softmax,parallel,"[{""name"":""scale"",""value"":null}]","{""name"":""causal"",""value"":null}","{""name"":""softmax"",""value"":null}",1,4,128,128,64,64,float32,cpu,8,64,64,0.3742030094144866,2672.3462260891342,342060.3169394092,16384,65536,64.0,2,3,False
causal_softmax,parallel,"[{""name"":""scale"",""value"":null}]","{""name"":""causal"",""value"":null}","{""name"":""softmax"",""value"":null}",1,4,128,128,64,64,float32,cpu,8,64,128,0.2963224978884682,3374.7015738791,431961.8014565248,32768,131072,128.0,2,2,False
causal_softmax,parallel,"[{""name"":""scale"",""value"":null}]","{""name"":""causal"",""value"":null}","{""name"":""softmax"",""value"":null}",1,4,128,128,64,64,float32,cpu,8,128,16,0.8782649965723976,1138.6085109877965,145741.88940643796,8192,32768,32.0,1,8,False
causal_softmax,parallel,"[{""name"":""scale"",""value"":null}]","{""name"":""causal"",""value"":null}","{""name"":""softmax"",""value"":null}",1,4,128,128,64,64,float32,cpu,8,128,32,0.5439340020529926,1838.4583354334509,235322.6669354817,16384,65536,64.0,1,4,False
causal_softmax,parallel,"[{""name"":""scale"",""value"":null}]","{""name"":""causal"",""value"":null}","{""name"":""softmax"",""value"":null}",1,4,128,128,64,64,float32,cpu,8,128,64,0.377318006940186,2650.284326765576,339236.39382599376,32768,131072,128.0,1,2,False
causal_softmax,parallel,"[{""name"":""scale"",""value"":null}]","{""name"":""causal"",""value"":null}","{""name"":""softmax"",""value"":null}",1,4,128,128,64,64,float32,cpu,8,128,128,0.2278809988638386,4388.25529546459,561696.6778194675,65536,262144,256.0,1,1,True
causal_softmax,parallel,"[{""name"":""scale"",""value"":null}]","{""name"":""causal"",""value"":null}","{""name"":""softmax"",""value"":null}",1,4,256,256,64,64,float32,cpu,8,16,16,7.755462502245791,128.94137515466352,33008.99203959386,1024,4096,4.0,16,136,False
causal_softmax,parallel,"[{""name"":""scale"",""value"":null}]","{""name"":""causal"",""value"":null}","{""name"":""softmax"",""value"":null}",1,4,256,256,64,64,float32,cpu,8,16,32,3.6050745111424476,277.3867771412858,71011.01494816916,2048,8192,8.0,16,72,False
causal_softmax,parallel,"[{""name"":""scale"",""value"":null}]","{""name"":""causal"",""value"":null}","{""name"":""softmax"",""value"":null}",1,4,256,256,64,64,float32,cpu,8,16,64,2.2541375074069947,443.6286591718761,113568.93674800028,4096,16384,16.0,16,40,False
causal_softmax,parallel,"[{""name"":""scale"",""value"":null}]","{""name"":""causal"",""value"":null}","{""name"":""softmax"",""value"":null}",1,4,256,256,64,64,float32,cpu,8,16,128,2.020763495238498,494.86246280491935,126684.79047805935,8192,32768,32.0,16,24,False
causal_softmax,parallel,"[{""name"":""scale"",""value"":null}]","{""name"":""causal"",""value"":null}","{""name"":""softmax"",""value"":null}",1,4,256,256,64,64,float32,cpu,8,16,256,1.3237254897831008,755.4436382152429,193393.5713831022,16384,65536,64.0,16,16,False
causal_softmax,parallel,"[{""name"":""scale"",""value"":null}]","{""name"":""causal"",""value"":null}","{""name"":""softmax"",""value"":null}",1,4,256,256,64,64,float32,cpu,8,32,16,4.20599700009916,237.755756833974,60865.473749497345,2048,8192,8.0,8,72,False
causal_softmax,parallel,"[{""name"":""scale"",""value"":null}]","{""name"":""causal"",""value"":null}","{""name"":""softmax"",""value"":null}",1,4,256,256,64,64,float32,cpu,8,32,32,2.043097498244606,489.4529022032393,125299.94296402927,4096,16384,16.0,8,36,False
causal_softmax,parallel,"[{""name"":""scale"",""value"":null}]","{""name"":""causal"",""value"":null}","{""name"":""softmax"",""value"":null}",1,4,256,256,64,64,float32,cpu,8,32,64,1.764116488629952,566.8559907722533,145115.13363769685,8192,32768,32.0,8,20,False
causal_softmax,parallel,"[{""name"":""scale"",""value"":null}]","{""name"":""causal"",""value"":null}","{""name"":""softmax"",""value"":null}",1,4,256,256,64,64,float32,cpu,8,32,128,1.3051855057710782,766.1746131705772,196140.70097166777,16384,65536,64.0,8,12,False
causal_softmax,parallel,"[{""name"":""scale"",""value"":null}]","{""name"":""causal"",""value"":null}","{""name"":""softmax"",""value"":null}",1,4,256,256,64,64,float32,cpu,8,32,256,1.0899645130848512,917.4610622595126,234870.03193843522,32768,131072,128.0,8,8,False
causal_softmax,parallel,"[{""name"":""scale"",""value"":null}]","{""name"":""causal"",""value"":null}","{""name"":""softmax"",""value"":null}",1,4,256,256,64,64,float32,cpu,8,64,16,3.230849513784051,309.5161182016105,79236.12625961228,4096,16384,16.0,4,40,False
causal_softmax,parallel,"[{""name"":""scale"",""value"":null}]","{""name"":""causal"",""value"":null}","{""name"":""softmax"",""value"":null}",1,4,256,256,64,64,float32,cpu,8,64,32,1.7738175083650276,563.7558515936204,144321.49800796682,8192,32768,32.0,4,20,False
causal_softmax,parallel,"[{""name"":""scale"",""value"":null}]","{""name"":""causal"",""value"":null}","{""name"":""softmax"",""value"":null}",1,4,256,256,64,64,float32,cpu,8,64,64,1.0090494906762615,991.0316681591142,253704.10704873325,16384,65536,64.0,4,10,False
causal_softmax,parallel,"[{""name"":""scale"",""value"":null}]","{""name"":""causal"",""value"":null}","{""name"":""softmax"",""value"":null}",1,4,256,256,64,64,float32,cpu,8,64,128,0.9949429950211197,1005.0827082598565,257301.17331452327,32768,131072,128.0,4,6,False
causal_softmax,parallel,"[{""name"":""scale"",""value"":null}]","{""name"":""causal"",""value"":null}","{""name"":""softmax"",""value"":null}",1,4,256,256,64,64,float32,cpu,8,64,256,0.7498915219912305,1333.5262110240183,341382.7100221487,65536,262144,256.0,4,4,False
causal_softmax,parallel,"[{""name"":""scale"",""value"":null}]","{""name"":""causal"",""value"":null}","{""name"":""softmax"",""value"":null}",1,4,256,256,64,64,float32,cpu,8,128,16,2.422475998173468,412.8007876049108,105677.00162685716,8192,32768,32.0,2,24,False
causal_softmax,parallel,"[{""name"":""scale"",""value"":null}]","{""name"":""causal"",""value"":null}","{""name"":""softmax"",""value"":null}",1,4,256,256,64,64,float32,cpu,8,128,32,1.4365014940267429,696.1357187292862,178210.74399469726,16384,65536,64.0,2,12,False
causal_softmax,parallel,"[{""name"":""scale"",""value"":null}]","{""name"":""causal"",""value"":null}","{""name"":""softmax"",""value"":null}",1,4,256,256,64,64,float32,cpu,8,128,64,0.9491484961472452,1053.5759199526415,269715.4355078762,32768,131072,128.0,2,6,False
causal_softmax,parallel,"[{""name"":""scale"",""value"":null}]","{""name"":""causal"",""value"":null}","{""name"":""softmax"",""value"":null}",1,4,256,256,64,64,float32,cpu,8,128,128,0.9355260117445141,1068.917365681002,273642.8456143365,65536,262144,256.0,2,3,False
causal_softmax,parallel,"[{""name"":""scale"",""value"":null}]","{""name"":""causal"",""value"":null}","{""name"":""softmax"",""value"":null}",1,4,256,256,64,64,float32,cpu,8,128,256,0.6699890072923154,1492.5618019337162,382095.82129503135,131072,524288,512.0,2,2,True
causal_softmax,parallel,"[{""name"":""scale"",""value"":null}]","{""name"":""causal"",""value"":null}","{""name"":""softmax"",""value"":null}",1,4,256,256,64,64,float32,cpu,8,256,16,2.284066518768668,437.81562042207787,112080.79882805193,16384,65536,64.0,1,16,False
causal_softmax,parallel,"[{""name"":""scale"",""value"":null}]","{""name"":""causal"",""value"":null}","{""name"":""softmax"",""value"":null}",1,4,256,256,64,64,float32,cpu,8,256,32,1.583260003826581,631.6081992743455,161691.69901423244,32768,131072,128.0,1,8,False
causal_softmax,parallel,"[{""name"":""scale"",""value"":null}]","{""name"":""causal"",""value"":null}","{""name"":""softmax"",""value"":null}",1,4,256,256,64,64,float32,cpu,8,256,64,1.1820759973488748,845.9692965957946,216568.13992852342,65536,262144,256.0,1,4,False
causal_softmax,parallel,"[{""name"":""scale"",""value"":null}]","{""name"":""causal"",""value"":null}","{""name"":""softmax"",""value"":null}",1,4,256,256,64,64,float32,cpu,8,256,128,0.9743344999151304,1026.3415696427717,262743.44182854955,131072,524288,512.0,1,2,False
causal_softmax,parallel,"[{""name"":""scale"",""value"":null}]","{""name"":""causal"",""value"":null}","{""name"":""softmax"",""value"":null}",1,4,256,256,64,64,float32,cpu,8,256,256,0.7785375055391341,1284.4596347448976,328821.6664946938,262144,1048576,1024.0,1,1,False
causal_softmax,parallel,"[{""name"":""scale"",""value"":null}]","{""name"":""causal"",""value"":null}","{""name"":""softmax"",""value"":null}",1,4,512,512,64,64,float32,cpu,8,16,16,29.565890014055185,33.822759927897145,17317.25308308334,1024,4096,4.0,32,528,False
causal_softmax,parallel,"[{""name"":""scale"",""value"":null}]","{""name"":""causal"",""value"":null}","{""name"":""softmax"",""value"":null}",1,4,512,512,64,64,float32,cpu,8,16,32,17.162238000310026,58.267459056443315,29832.939036898977,2048,8192,8.0,32,272,False
causal_softmax,parallel,"[{""name"":""scale"",""value"":null}]","{""name"":""causal"",""value"":null}","{""name"":""softmax"",""value"":null}",1,4,512,512,64,64,float32,cpu,8,16,64,9.909479500493035,100.91347380558648,51667.69858846028,4096,16384,16.0,32,144,False
causal_softmax,parallel,"[{""name"":""scale"",""value"":null}]","{""name"":""causal"",""value"":null}","{""name"":""softmax"",""value"":null}",1,4,512,512,64,64,float32,cpu,8,16,128,5.194829005631618,192.49911766410762,98559.5482440231,8192,32768,32.0,32,80,False
causal_softmax,parallel,"[{""name"":""scale"",""value"":null}]","{""name"":""causal"",""value"":null}","{""name"":""softmax"",""value"":null}",1,4,512,512,64,64,float32,cpu,8,16,256,4.81320200196933,207.76190145164244,106374.09354324093,16384,65536,64.0,32,48,False
causal_softmax,parallel,"[{""name"":""scale"",""value"":null}]","{""name"":""causal"",""value"":null}","{""name"":""softmax"",""value"":null}",1,4,512,512,64,64,float32,cpu,8,16,512,3.9094434905564412,255.7908823635835,130964.93177015476,32768,131072,128.0,32,32,False
causal_softmax,parallel,"[{""name"":""scale"",""value"":null}]","{""name"":""causal"",""value"":null}","{""name"":""softmax"",""value"":null}",1,4,512,512,64,64,float32,cpu,8,32,16,15.9305970009882,62.77228655887588,32139.41071814445,2048,8192,8.0,16,272,False
causal_softmax,parallel,"[{""name"":""scale"",""value"":null}]","{""name"":""causal"",""value"":null}","{""name"":""softmax"",""value"":null}",1,4,512,512,64,64,float32,cpu,8,32,32,9.517125494312495,105.07374317987164,53797.75650809428,4096,16384,16.0,16,136,False
causal_softmax,parallel,"[{""name"":""scale"",""value"":null}]","{""name"":""causal"",""value"":null}","{""name"":""softmax"",""value"":null}",1,4,512,512,64,64,float32,cpu,8,32,64,6.141528501757421,162.82591535866786,83366.86866363794,8192,32768,32.0,16,72,False
causal_softmax,parallel,"[{""name"":""scale"",""value"":null}]","{""name"":""causal"",""value"":null}","{""name"":""softmax"",""value"":null}",1,4,512,512,64,64,float32,cpu,8,32,128,3.8798000023234636,257.7452444458834,131965.5651562923,16384,65536,64.0,16,40,False
causal_softmax,parallel,"[{""name"":""scale"",""value"":null}]","{""name"":""causal"",""value"":null}","{""name"":""softmax"",""value"":null}",1,4,512,512,64,64,float32,cpu,8,32,256,3.4131720021832734,292.9825978181993,150007.09008291803,32768,131072,128.0,16,24,False
causal_softmax,parallel,"[{""name"":""scale"",""value"":null}]","{""name"":""causal"",""value"":null}","{""name"":""softmax"",""value"":null}",1,4,512,512,64,64,float32,cpu,8,32,512,2.6032150053652003,384.1403794688529,196679.8742880527,65536,262144,256.0,16,16,False
causal_softmax,parallel,"[{""name"":""scale"",""value"":null}]","{""name"":""causal"",""value"":null}","{""name"":""softmax"",""value"":null}",1,4,512,512,64,64,float32,cpu,8,64,16,11.081115997512825,90.24361808182964,46204.732457896775,4096,16384,16.0,8,144,False
causal_softmax,parallel,"[{""name"":""scale"",""value"":null}]","{""name"":""causal"",""value"":null}","{""name"":""softmax"",""value"":null}",1,4,512,512,64,64,float32,cpu,8,64,32,5.154086509719491,194.02080235056525,99338.6508034894,8192,32768,32.0,8,72,False
causal_softmax,parallel,"[{""name"":""scale"",""value"":null}]","{""name"":""causal"",""value"":null}","{""name"":""softmax"",""value"":null}",1,4,512,512,64,64,float32,cpu,8,64,64,3.587475512176752,278.74754729496,142718.7442150195,16384,65536,64.0,8,36,False
causal_softmax,parallel,"[{""name"":""scale"",""value"":null}]","{""name"":""causal"",""value"":null}","{""name"":""softmax"",""value"":null}",1,4,512,512,64,64,float32,cpu,8,64,128,2.9584324947791174,338.0168389053143,173064.6215195209,32768,131072,128.0,8,20,False
causal_softmax,parallel,"[{""name"":""scale"",""value"":null}]","{""name"":""causal"",""value"":null}","{""name"":""softmax"",""value"":null}",1,4,512,512,64,64,float32,cpu,8,64,256,2.5628240109654143,390.19456494919467,199779.61725398767,65536,262144,256.0,8,12,False
causal_softmax,parallel,"[{""name"":""scale"",""value"":null}]","{""name"":""causal"",""value"":null}","{""name"":""softmax"",""value"":null}",1,4,512,512,64,64,float32,cpu,8,64,512,2.093362490995787,477.7003525673722,244582.58051449456,131072,524288,512.0,8,8,False
causal_softmax,parallel,"[{""name"":""scale"",""value"":null}]","{""name"":""causal"",""value"":null}","{""name"":""softmax"",""value"":null}",1,4,512,512,64,64,float32,cpu,8,128,16,10.15955800539814,98.42947886794524,50395.89318038796,8192,32768,32.0,4,80,False
causal_softmax,parallel,"[{""name"":""scale"",""value"":null}]","{""name"":""causal"",""value"":null}","{""name"":""softmax"",""value"":null}",1,4,512,512,64,64,float32,cpu,8,128,32,5.599853000603616,178.57611617522969,91430.9714817176,16384,65536,64.0,4,40,False
causal_softmax,parallel,"[{""name"":""scale"",""value"":null}]","{""name"":""causal"",""value"":null}","{""name"":""softmax"",""value"":null}",1,4,512,512,64,64,float32,cpu,8,128,64,3.9084455056581646,255.8561961660521,130998.37243701867,32768,131072,128.0,4,20,False
causal_softmax,parallel,"[{""name"":""scale"",""value"":null}]","{""name"":""causal"",""value"":null}","{""name"":""softmax"",""value"":null}",1,4,512,512,64,64,float32,cpu,8,128,128,2.815311003359966,355.20054402747627,181862.67854206785,65536,262144,256.0,4,10,False
causal_softmax,parallel,"[{""name"":""scale"",""value"":null}]","{""name"":""causal"",""value"":null}","{""name"":""softmax"",""value"":null}",1,4,512,512,64,64,float32,cpu,8,128,256,2.613647491671145,382.60706663261925,195894.81811590106,131072,524288,512.0,4,6,False
causal_softmax,parallel,"[{""name"":""scale"",""value"":null}]","{""name"":""causal"",""value"":null}","{""name"":""softmax"",""value"":null}",1,4,512,512,64,64,float32,cpu,8,128,512,1.9455150031717494,514.0027182364115,263169.3917370427,262144,1048576,1024.0,4,4,True
causal_softmax,parallel,"[{""name"":""scale"",""value"":null}]","{""name"":""causal"",""value"":null}","{""name"":""softmax"",""value"":null}",1,4,512,512,64,64,float32,cpu,8,256,16,6.535183492815122,153.01789170868958,78345.16055484906,16384,65536,64.0,2,48,False
causal_softmax,parallel,"[{""name"":""scale"",""value"":null}]","{""name"":""causal"",""value"":null}","{""name"":""softmax"",""value"":null}",1,4,512,512,64,64,float32,cpu,8,256,32,4.462785509531386,224.07529957786494,114726.55338386685,32768,131072,128.0,2,24,False
causal_softmax,parallel,"[{""name"":""scale"",""value"":null}]","{""name"":""causal"",""value"":null}","{""name"":""softmax"",""value"":null}",1,4,512,512,64,64,float32,cpu,8,256,64,2.92455249291379,341.9326554825077,175069.51960704394,65536,262144,256.0,2,12,False
causal_softmax,parallel,"[{""name"":""scale"",""value"":null}]","{""name"":""causal"",""value"":null}","{""name"":""softmax"",""value"":null}",1,4,512,512,64,64,float32,cpu,8,256,128,2.746662008576095,364.07828734574184,186408.08312101982,131072,524288,512.0,2,6,False
causal_softmax,parallel,"[{""name"":""scale"",""value"":null}]","{""name"":""causal"",""value"":null}","{""name"":""softmax"",""value"":null}",1,4,512,512,64,64,float32,cpu,8,256,256,2.772813488263637,360.6445237779804,184649.99617432596,262144,1048576,1024.0,2,3,False
causal_softmax,parallel,"[{""name"":""scale"",""value"":null}]","{""name"":""causal"",""value"":null}","{""name"":""softmax"",""value"":null}",1,4,512,512,64,64,float32,cpu,8,256,512,2.547782496549189,392.49818277440755,200959.06958049667,524288,2097152,2048.0,2,2,False
causal_softmax,parallel,"[{""name"":""scale"",""value"":null}]","{""name"":""causal"",""value"":null}","{""name"":""softmax"",""value"":null}",1,4,512,512,64,64,float32,cpu,8,512,16,6.584331989870407,151.8756954446463,77760.35606765891,32768,131072,128.0,1,32,False
causal_softmax,parallel,"[{""name"":""scale"",""value"":null}]","{""name"":""causal"",""value"":null}","{""name"":""softmax"",""value"":null}",1,4,512,512,64,64,float32,cpu,8,512,32,5.047626502346247,198.11291495818443,101433.81245859043,65536,262144,256.0,1,16,False
causal_softmax,parallel,"[{""name"":""scale"",""value"":null}]","{""name"":""causal"",""value"":null}","{""name"":""softmax"",""value"":null}",1,4,512,512,64,64,float32,cpu,8,512,64,3.6699975025840104,272.47974945375563,139509.63172032288,131072,524288,512.0,1,8,False
causal_softmax,parallel,"[{""name"":""scale"",""value"":null}]","{""name"":""causal"",""value"":null}","{""name"":""softmax"",""value"":null}",1,4,512,512,64,64,float32,cpu,8,512,128,3.026384496479295,330.4272808571868,169178.76779887965,262144,1048576,1024.0,1,4,False
causal_softmax,parallel,"[{""name"":""scale"",""value"":null}]","{""name"":""causal"",""value"":null}","{""name"":""softmax"",""value"":null}",1,4,512,512,64,64,float32,cpu,8,512,256,2.8411869861884043,351.965571031124,180206.3723679355,524288,2097152,2048.0,1,2,False
causal_softmax,parallel,"[{""name"":""scale"",""value"":null}]","{""name"":""causal"",""value"":null}","{""name"":""softmax"",""value"":null}",1,4,512,512,64,64,float32,cpu,8,512,512,2.7832355117425323,359.2940646887329,183958.56112063123,1048576,4194304,4096.0,1,1,False
causal_softmax,parallel,"[{""name"":""scale"",""value"":null}]","{""name"":""causal"",""value"":null}","{""name"":""softmax"",""value"":null}",1,4,1024,1024,64,64,float32,cpu,8,16,16,119.75517349492293,8.350369932388729,8550.778810766058,1024,4096,4.0,64,2080,False
causal_softmax,parallel,"[{""name"":""scale"",""value"":null}]","{""name"":""causal"",""value"":null}","{""name"":""softmax"",""value"":null}",1,4,1024,1024,64,64,float32,cpu,8,16,32,66.10116601223126,15.128326175289578,15491.406003496528,2048,8192,8.0,64,1056,False
causal_softmax,parallel,"[{""name"":""scale"",""value"":null}]","{""name"":""causal"",""value"":null}","{""name"":""softmax"",""value"":null}",1,4,1024,1024,64,64,float32,cpu,8,16,64,37.358659494202584,26.767555729754775,27409.97706726889,4096,16384,16.0,64,544,False
causal_softmax,parallel,"[{""name"":""scale"",""value"":null}]","{""name"":""causal"",""value"":null}","{""name"":""softmax"",""value"":null}",1,4,1024,1024,64,64,float32,cpu,8,16,128,23.143615500885062,43.208460664314,44245.46372025754,8192,32768,32.0,64,288,False
causal_softmax,parallel,"[{""name"":""scale"",""value"":null}]","{""name"":""causal"",""value"":null}","{""name"":""softmax"",""value"":null}",1,4,1024,1024,64,64,float32,cpu,8,16,256,16.052891514846124,62.29407325622144,63789.13101437075,16384,65536,64.0,64,160,False
causal_softmax,parallel,"[{""name"":""scale"",""value"":null}]","{""name"":""causal"",""value"":null}","{""name"":""softmax"",""value"":null}",1,4,1024,1024,64,64,float32,cpu,8,16,512,12.922084002639167,77.38689825849787,79244.18381670181,32768,131072,128.0,64,96,False
causal_softmax,parallel,"[{""name"":""scale"",""value"":null}]","{""name"":""causal"",""value"":null}","{""name"":""softmax"",""value"":null}",1,4,1024,1024,64,64,float32,cpu,8,16,1024,10.723218496423215,93.25558369752096,95493.71770626146,65536,262144,256.0,64,64,False
causal_softmax,parallel,"[{""name"":""scale"",""value"":null}]","{""name"":""causal"",""value"":null}","{""name"":""softmax"",""value"":null}",1,4,1024,1024,64,64,float32,cpu,8,32,16,71.92782849597279,13.902824830253142,14236.492626179217,2048,8192,8.0,32,1056,False
causal_softmax,parallel,"[{""name"":""scale"",""value"":null}]","{""name"":""causal"",""value"":null}","{""name"":""softmax"",""value"":null}",1,4,1024,1024,64,64,float32,cpu,8,32,32,41.8748385127401,23.880689108705642,24453.825647314578,4096,16384,16.0,32,528,False
causal_softmax,parallel,"[{""name"":""scale"",""value"":null}]","{""name"":""causal"",""value"":null}","{""name"":""softmax"",""value"":null}",1,4,1024,1024,64,64,float32,cpu,8,32,64,25.292093996540643,39.53804695399187,40486.96008088768,8192,32768,32.0,32,272,False
causal_softmax,parallel,"[{""name"":""scale"",""value"":null}]","{""name"":""causal"",""value"":null}","{""name"":""softmax"",""value"":null}",1,4,1024,1024,64,64,float32,cpu,8,32,128,17.71241900860332,56.457562319086826,57812.54381474491,16384,65536,64.0,32,144,False
causal_softmax,parallel,"[{""name"":""scale"",""value"":null}]","{""name"":""causal"",""value"":null}","{""name"":""softmax"",""value"":null}",1,4,1024,1024,64,64,float32,cpu,8,32,256,15.226977498969063,65.67291506588911,67249.06502747045,32768,131072,128.0,32,80,False
causal_softmax,parallel,"[{""name"":""scale"",""value"":null}]","{""name"":""causal"",""value"":null}","{""name"":""softmax"",""value"":null}",1,4,1024,1024,64,64,float32,cpu,8,32,512,9.694645006675273,103.1497284646779,105625.32194783018,65536,262144,256.0,32,48,False
causal_softmax,parallel,"[{""name"":""scale"",""value"":null}]","{""name"":""causal"",""value"":null}","{""name"":""softmax"",""value"":null}",1,4,1024,1024,64,64,float32,cpu,8,32,1024,9.953783504897729,100.46431083295644,102875.4542929474,131072,524288,512.0,32,32,False
causal_softmax,parallel,"[{""name"":""scale"",""value"":null}]","{""name"":""causal"",""value"":null}","{""name"":""softmax"",""value"":null}",1,4,1024,1024,64,64,float32,cpu,8,64,16,51.7021045088768,19.341572446597578,19805.77018531592,4096,16384,16.0,16,544,False
causal_softmax,parallel,"[{""name"":""scale"",""value"":null}]","{""name"":""causal"",""value"":null}","{""name"":""softmax"",""value"":null}",1,4,1024,1024,64,64,float32,cpu,8,64,32,28.119256501668133,35.5628179550436,36416.325585964645,8192,32768,32.0,16,272,False
causal_softmax,parallel,"[{""name"":""scale"",""value"":null}]","{""name"":""causal"",""value"":null}","{""name"":""softmax"",""value"":null}",1,4,1024,1024,64,64,float32,cpu,8,64,64,14.97934250801336,66.75860435563439,68360.81086016961,16384,65536,64.0,16,136,False
causal_softmax,parallel,"[{""name"":""scale"",""value"":null}]","{""name"":""causal"",""value"":null}","{""name"":""softmax"",""value"":null}",1,4,1024,1024,64,64,float32,cpu,8,64,128,12.797224990208633,78.14194098838743,80017.34757210873,32768,131072,128.0,16,72,False
causal_softmax,parallel,"[{""name"":""scale"",""value"":null}]","{""name"":""causal"",""value"":null}","{""name"":""softmax"",""value"":null}",1,4,1024,1024,64,64,float32,cpu,8,64,256,9.926692509907298,100.7384885753189,103156.21230112655,65536,262144,256.0,16,40,False
causal_softmax,parallel,"[{""name"":""scale"",""value"":null}]","{""name"":""causal"",""value"":null}","{""name"":""softmax"",""value"":null}",1,4,1024,1024,64,64,float32,cpu,8,64,512,8.798138500424102,113.66040668168573,116388.25644204619,131072,524288,512.0,16,24,False
causal_softmax,parallel,"[{""name"":""scale"",""value"":null}]","{""name"":""causal"",""value"":null}","{""name"":""softmax"",""value"":null}",1,4,1024,1024,64,64,float32,cpu,8,64,1024,8.502755998051725,117.60892588581096,120431.54010707042,262144,1048576,1024.0,16,16,False
causal_softmax,parallel,"[{""name"":""scale"",""value"":null}]","{""name"":""causal"",""value"":null}","{""name"":""softmax"",""value"":null}",1,4,1024,1024,64,64,float32,cpu,8,128,16,33.03752149804495,30.268614431599435,30995.06117795782,8192,32768,32.0,8,288,False
causal_softmax,parallel,"[{""name"":""scale"",""value"":null}]","{""name"":""causal"",""value"":null}","{""name"":""softmax"",""value"":null}",1,4,1024,1024,64,64,float32,cpu,8,128,32,23.532962499302812,42.49358745332748,43513.43355220734,16384,65536,64.0,8,144,False
causal_softmax,parallel,"[{""name"":""scale"",""value"":null}]","{""name"":""causal"",""value"":null}","{""name"":""softmax"",""value"":null}",1,4,1024,1024,64,64,float32,cpu,8,128,64,14.738921483512968,67.84756951983258,69475.91118830856,32768,131072,128.0,8,72,False
causal_softmax,parallel,"[{""name"":""scale"",""value"":null}]","{""name"":""causal"",""value"":null}","{""name"":""softmax"",""value"":null}",1,4,1024,1024,64,64,float32,cpu,8,128,128,10.596619002171792,94.36972300269063,96634.59635475521,65536,262144,256.0,8,36,False
causal_softmax,parallel,"[{""name"":""scale"",""value"":null}]","{""name"":""causal"",""value"":null}","{""name"":""softmax"",""value"":null}",1,4,1024,1024,64,64,float32,cpu,8,128,256,9.396407505846582,106.42365173900615,108977.8193807423,131072,524288,512.0,8,20,False
causal_softmax,parallel,"[{""name"":""scale"",""value"":null}]","{""name"":""causal"",""value"":null}","{""name"":""softmax"",""value"":null}",1,4,1024,1024,64,64,float32,cpu,8,128,512,7.803204993251711,128.15247079434795,131228.1300934123,262144,1048576,1024.0,8,12,False
causal_softmax,parallel,"[{""name"":""scale"",""value"":null}]","{""name"":""causal"",""value"":null}","{""name"":""softmax"",""value"":null}",1,4,1024,1024,64,64,float32,cpu,8,128,1024,7.8222720039775595,127.84009549802262,130908.25778997516,524288,2097152,2048.0,8,8,False
causal_softmax,parallel,"[{""name"":""scale"",""value"":null}]","{""name"":""causal"",""value"":null}","{""name"":""softmax"",""value"":null}",1,4,1024,1024,64,64,float32,cpu,8,256,16,29.021482507232577,34.45723352522689,35284.207129832335,16384,65536,64.0,4,160,False
causal_softmax,parallel,"[{""name"":""scale"",""value"":null}]","{""name"":""causal"",""value"":null}","{""name"":""softmax"",""value"":null}",1,4,1024,1024,64,64,float32,cpu,8,256,32,16.470409493194893,60.714944604939646,62172.1032754582,32768,131072,128.0,4,80,False
causal_softmax,parallel,"[{""name"":""scale"",""value"":null}]","{""name"":""causal"",""value"":null}","{""name"":""softmax"",""value"":null}",1,4,1024,1024,64,64,float32,cpu,8,256,64,15.000355502706952,66.66508669208145,68265.0487726914,65536,262144,256.0,4,40,False
causal_softmax,parallel,"[{""name"":""scale"",""value"":null}]","{""name"":""causal"",""value"":null}","{""name"":""softmax"",""value"":null}",1,4,1024,1024,64,64,float32,cpu,8,256,128,10.154847492231056,98.47513719581194,100838.54048851143,131072,524288,512.0,4,20,False
causal_softmax,parallel,"[{""name"":""scale"",""value"":null}]","{""name"":""causal"",""value"":null}","{""name"":""softmax"",""value"":null}",1,4,1024,1024,64,64,float32,cpu,8,256,256,8.215049005229957,121.72781919661936,124649.28685733823,262144,1048576,1024.0,4,10,False
causal_softmax,parallel,"[{""name"":""scale"",""value"":null}]","{""name"":""causal"",""value"":null}","{""name"":""softmax"",""value"":null}",1,4,1024,1024,64,64,float32,cpu,8,256,512,7.927180515252985,126.14825637890578,129175.81453199952,524288,2097152,2048.0,4,6,False
causal_softmax,parallel,"[{""name"":""scale"",""value"":null}]","{""name"":""causal"",""value"":null}","{""name"":""softmax"",""value"":null}",1,4,1024,1024,64,64,float32,cpu,8,256,1024,7.122617011191323,140.3978338900944,143767.38190345667,1048576,4194304,4096.0,4,4,True
causal_softmax,parallel,"[{""name"":""scale"",""value"":null}]","{""name"":""causal"",""value"":null}","{""name"":""softmax"",""value"":null}",1,4,1024,1024,64,64,float32,cpu,8,512,16,25.876396990497597,38.64525653889229,39572.742695825706,32768,131072,128.0,2,96,False
causal_softmax,parallel,"[{""name"":""scale"",""value"":null}]","{""name"":""causal"",""value"":null}","{""name"":""softmax"",""value"":null}",1,4,1024,1024,64,64,float32,cpu,8,512,32,17.154931512777694,58.29227585403994,59691.2904745369,65536,262144,256.0,2,48,False
causal_softmax,parallel,"[{""name"":""scale"",""value"":null}]","{""name"":""causal"",""value"":null}","{""name"":""softmax"",""value"":null}",1,4,1024,1024,64,64,float32,cpu,8,512,64,13.527471994166262,73.92364223198918,75697.80964555692,131072,524288,512.0,2,24,False
causal_softmax,parallel,"[{""name"":""scale"",""value"":null}]","{""name"":""causal"",""value"":null}","{""name"":""softmax"",""value"":null}",1,4,1024,1024,64,64,float32,cpu,8,512,128,11.116838490124792,89.9536321309616,92112.51930210467,262144,1048576,1024.0,2,12,False
causal_softmax,parallel,"[{""name"":""scale"",""value"":null}]","{""name"":""causal"",""value"":null}","{""name"":""softmax"",""value"":null}",1,4,1024,1024,64,64,float32,cpu,8,512,256,9.497285514953546,105.2932438880028,107820.28174131487,524288,2097152,2048.0,2,6,False
causal_softmax,parallel,"[{""name"":""scale"",""value"":null}]","{""name"":""causal"",""value"":null}","{""name"":""softmax"",""value"":null}",1,4,1024,1024,64,64,float32,cpu,8,512,512,9.762885500094853,102.42873379906835,104887.023410246,1048576,4194304,4096.0,2,3,False
causal_softmax,parallel,"[{""name"":""scale"",""value"":null}]","{""name"":""causal"",""value"":null}","{""name"":""softmax"",""value"":null}",1,4,1024,1024,64,64,float32,cpu,8,512,1024,14.804985010414384,67.54481678276353,69165.89238554986,2097152,8388608,8192.0,2,2,False
causal_softmax,parallel,"[{""name"":""scale"",""value"":null}]","{""name"":""causal"",""value"":null}","{""name"":""softmax"",""value"":null}",1,4,1024,1024,64,64,float32,cpu,8,1024,16,23.75478950852994,42.09677377443892,43107.09634502546,65536,262144,256.0,1,64,False
causal_softmax,parallel,"[{""name"":""scale"",""value"":null}]","{""name"":""causal"",""value"":null}","{""name"":""softmax"",""value"":null}",1,4,1024,1024,64,64,float32,cpu,8,1024,32,16.270818014163524,61.45972495848173,62934.75835748529,131072,524288,512.0,1,32,False
causal_softmax,parallel,"[{""name"":""scale"",""value"":null}]","{""name"":""causal"",""value"":null}","{""name"":""softmax"",""value"":null}",1,4,1024,1024,64,64,float32,cpu,8,1024,64,13.28510399616789,75.27227489438182,77078.80949184699,262144,1048576,1024.0,1,16,False
causal_softmax,parallel,"[{""name"":""scale"",""value"":null}]","{""name"":""causal"",""value"":null}","{""name"":""softmax"",""value"":null}",1,4,1024,1024,64,64,float32,cpu,8,1024,128,13.191666002967395,75.80543653660237,77624.76701348083,524288,2097152,2048.0,1,8,False
causal_softmax,parallel,"[{""name"":""scale"",""value"":null}]","{""name"":""causal"",""value"":null}","{""name"":""softmax"",""value"":null}",1,4,1024,1024,64,64,float32,cpu,8,1024,256,10.783884004922584,92.73096776110759,94956.51098737417,1048576,4194304,4096.0,1,4,False
causal_softmax,parallel,"[{""name"":""scale"",""value"":null}]","{""name"":""causal"",""value"":null}","{""name"":""softmax"",""value"":null}",1,4,1024,1024,64,64,float32,cpu,8,1024,512,17.152442494989373,58.30073473746513,59699.95237116429,2097152,8388608,8192.0,1,2,False
causal_softmax,parallel,"[{""name"":""scale"",""value"":null}]","{""name"":""causal"",""value"":null}","{""name"":""softmax"",""value"":null}",1,4,1024,1024,64,64,float32,cpu,8,1024,1024,20.021846488816664,49.94544337149706,51144.13401241299,4194304,16777216,16384.0,1,1,False
